id,posicion,pelicula,bruto,release,total,studio
1,1,Avatar: The Way of Water,222528552,Dec 16,222528552,20th Century Studios
2,2,Puss in Boots: The Last Wish,86503985,Dec 21,86503985,Universal Pictures
3,3,M3gan,83058490,Jan 6,83058490,Universal Pictures
4,4,A Man Called Otto,47561111,Dec 30,47561111,Columbia Pictures
5,5,Plane,26138048,Jan 13,26138048,Lionsgate
6,6,Missing,18575107,Jan 20,18575107,Sony Pictures Entertainment (SPE)
7,7,Black Panther: Wakanda Forever,16656634,Nov 11,16656634,Walt Disney Studios Motion Pictures
8,8,Pathaan,10822853,Jan 25,10822853,Yash Raj Films USA Inc.
9,9,Whitney Houston: I Wanna Dance with Somebody,10224940,Dec 23,10224940,TriStar Pictures
10,10,The Whale,9807231,Dec 9,9807231,A24
11,11,House Party,8510082,Jan 13,8510082,Warner Bros.
12,12,Babylon,6268558,Dec 23,6268558,Paramount Pictures
13,13,The Fabelmans,4411990,Nov 11,4411990,Universal Pictures
14,14,Left Behind: Rise of the Antichrist,3276980,Jan 26,3276980,Fathom Events
15,15,Infinity Pool,3047191,Jan 27,3047191,Neon
16,16,Violent Night,2949520,Dec 2,2949520,Universal Pictures
17,17,The Menu,2772515,Nov 18,2772515,Searchlight Pictures
18,18,Women Talking,2501510,Dec 23,2501510,United Artists Releasing
19,19,Skinamarink,1907454,Jan 13,1907454,IFC Films
20,20,That Time I Got Reincarnated as a Slime the Movie: Scarlet Bond,1588491,Jan 20,1588491,Crunchyroll
21,21,The Wandering Earth II,1355000,Jan 22,1355000,Well Go USA Entertainment
22,22,Everything Everywhere All at Once,1278230,Mar 25,1278230,A24
23,23,Fear,1227545,Jan 27,1227545,Hidden Empire Film Group (HEFG)
24,24,Strange World,1118720,Nov 23,1118720,Walt Disney Studios Motion Pictures
25,25,Living,995996,Dec 23,995996,Sony Pictures Classics
26,26,Broker,968617,Dec 23,968617,Neon
27,27,The Banshees of Inisherin,909859,Oct 21,909859,Searchlight Pictures
28,28,The Devil Conspiracy,764703,Jan 13,764703,-
29,29,Maybe I Do,703180,Jan 27,703180,Vertical Entertainment
30,30,Devotion,672329,Nov 23,672329,Columbia Pictures
31,31,Tár,623870,Oct 7,623870,Focus Features
32,32,Corsage,610523,Dec 23,610523,IFC Films
33,33,Shin Ultraman,601490,Jan 11,601490,Fathom Events
34,34,The Son,409098,Jan 20,409098,Sony Pictures Classics
35,35,EO,386646,Nov 18,386646,Sideshow Releasing
36,36,Waltair Veerayya,320000,Jan 13,320000,-
37,37,Aftersun,307710,Oct 21,307710,A24
38,38,Empire of Light,260974,Dec 9,260974,Searchlight Pictures
39,39,When You Finish Saving the World,196920,Jan 20,196920,A24
40,40,Saint Omer,186110,Jan 13,186110,Neon
41,41,"Lyle, Lyle, Crocodile",183073,Oct 7,183073,Sony Pictures Entertainment (SPE)
42,42,Triangle of Sadness,172290,Oct 7,172290,Neon
43,43,The Woman King,149862,Sep 16,149862,TriStar Pictures
44,44,Turn Every Page: The Adventures of Robert Caro and Robert Gottlieb,149038,Dec 30,149038,Sony Pictures Entertainment (SPE)
45,45,All the Beauty and the Bloodshed,127709,Nov 23,127709,-
46,46,"Alice, Darling",101000,Dec 30,101000,Lionsgate
47,47,Black Adam,97874,Oct 21,97874,Warner Bros.
48,48,Holy Spider,88640,Oct 28,88640,Utopia
49,49,No Bears,81577,Dec 23,81577,Janus Films
50,50,I Heard the Bells,80781,Dec 1,80781,Fathom Events
51,51,Close,71651,Jan 27,71651,A24
52,52,Ticket to Paradise,70225,Oct 21,70225,Universal Pictures
53,53,The Conformist,63798,Jan 6,63798,Kino Lorber
54,54,RRR,45577,Jun 1,45577,Variance Films
55,55,Decision to Leave,42013,Oct 14,42013,MUBI
56,56,The Sparring Partner,31194,Dec 9,31194,Well Go USA Entertainment
57,57,The Mean One,28235,Dec 8,28235,Atlas Distribution Company
58,58,Cat Daddies,27997,Oct 14,27997,Sky Island Films
59,59,One Fine Morning,15425,Jan 27,15425,Sony Pictures Entertainment (SPE)
60,60,Alcarràs,14545,Jan 6,14545,MUBI
61,61,The Trial,14373,Dec 9,14373,Rialto Pictures
62,62,Carole King Home Again: Live in Central Park,13439,Jan 20,13439,Abramorama
63,63,Brotherhood of the Wolf,11111,Jan 20,11111,Rialto Pictures
64,64,The Super 8 Years,8056,Dec 16,8056,Kino Lorber
65,65,Only in Theaters,6694,Nov 18,6694,-
66,66,Boblo Boats: A Detroit Ferry Tale,6539,Sep 16,6539,Lucky Hat Entertainment
67,67,Guitar Lessons,6397,Sep 23,6397,-
68,68,The Runner,5841,Oct 28,5841,Rialto Pictures
69,69,Utama,4737,Nov 4,4737,Kino Lorber
70,70,The Man in the Basement,4669,Jan 27,4669,Greenwich Entertainment
71,71,The Discreet Charm of the Bourgeoisie,4176,Jun 24,4176,Rialto Pictures
72,72,Remember This,3655,Jan 27,3655,Abramorama
73,73,Jethica,3292,Jan 13,3292,-
74,74,Framing Agnes,2725,Dec 2,2725,Kino Lorber
75,75,Leonor Will Never Die,2607,Nov 25,2607,Music Box Films
76,76,Hockeyland,2522,Sep 9,2522,Greenwich Entertainment
77,77,Life Upside Down,2370,Jan 27,2370,IFC Films
78,78,Heretic,1949,Jan 20,1949,Indican Pictures
79,79,Filmmakers for the Prosecution,1790,Jan 27,1790,Kino Lorber
80,80,Relative,1565,Jun 8,1565,Newcity
81,81,MindReader,1550,Oct 24,1550,Five & Two Pictures
82,82,Brainwashed: Sex-Camera-Power,1165,Oct 21,1165,Kino Lorber
83,83,Loudmouth,954,Dec 9,954,Greenwich Entertainment
84,84,Christmas Bloody Christmas,812,Dec 9,812,-
85,85,Carnal Knowledge,620,Sep 2,620,Rialto Distribution
86,86,It's a Wonderful Life,393,Dec 18,393,Fathom Events
87,87,When Men Were Men,200,Nov 4,200,Indican Pictures
88,88,Be Natural: The Untold Story of Alice Guy-Blaché,147,Apr 19,147,Zeitgeist Films
89,89,The Story of Film: A New Generation,70,Sep 9,70,Music Box Films
90,1,Ant-Man and the Wasp: Quantumania,171337413,Feb 17,171337413,Walt Disney Studios Motion Pictures
91,2,Avatar: The Way of Water,42789356,Dec 16,42789356,20th Century Studios
92,3,80 for Brady,37043896,Feb 3,37043896,Paramount Pictures
93,4,Knock at the Cabin,34236790,Feb 3,34236790,Universal Pictures
94,5,Puss in Boots: The Last Wish,31784405,Dec 21,31784405,Universal Pictures
95,6,Cocaine Bear,27230135,Feb 24,27230135,Universal Pictures
96,7,Magic Mike's Last Dance,23692704,Feb 10,23692704,Warner Bros.
97,8,Jesus Revolution,19161567,Feb 24,19161567,Lionsgate
98,9,A Man Called Otto,14869323,Dec 30,14869323,Columbia Pictures
99,10,Titanic,14631885,Feb 10,14631885,Paramount Pictures
100,11,Missing,13000867,Jan 20,13000867,Sony Pictures Entertainment (SPE)
101,12,M3gan,11542775,Jan 6,11542775,Universal Pictures
102,13,Pathaan,6386048,Jan 25,6386048,Yash Raj Films USA Inc.
103,14,BTS: Yet to Come in Cinemas,6350496,Feb 1,6350496,Trafalgar Releasing
104,15,Plane,5956985,Jan 13,5956985,Lionsgate
105,16,The Chosen Season 3 Finale,5525069,Feb 2,5525069,Fathom Events
106,17,Marlowe,4168795,Feb 15,4168795,Open Road Films (II)
107,18,The Amazing Maurice,3642508,Feb 3,3642508,Viva Pictures
108,19,Women Talking,2187124,Dec 23,2187124,United Artists Releasing
109,20,Infinity Pool,2031209,Jan 27,2031209,Neon
110,21,The Wandering Earth II,1982709,Jan 22,1982709,Well Go USA Entertainment
111,22,Everything Everywhere All at Once,1763602,Mar 25,1763602,A24
112,23,Winnie the Pooh: Blood and Honey,1750639,Feb 15,1750639,Fathom Events
113,24,2023 Oscar Nominated Short Films: Live Action,1681700,Feb 17,1681700,ShortsTV
114,25,The Whale,1662435,Dec 9,1662435,A24
115,26,Living,1550997,Dec 23,1550997,Sony Pictures Classics
116,27,The Fabelmans,966370,Nov 11,966370,Universal Pictures
117,28,Close,833497,Jan 27,833497,A24
118,29,Black Panther: Wakanda Forever,641412,Nov 11,641412,Walt Disney Studios Motion Pictures
119,30,Hidden Blade,609096,Feb 17,609096,Well Go USA Entertainment
120,31,Emily,599277,Feb 17,599277,Bleecker Street Media
121,32,Maybe I Do,590542,Jan 27,590542,Vertical Entertainment
122,33,Of an Age,541200,Feb 17,541200,Focus Features
123,34,Consecration,536039,Feb 10,536039,IFC Films
124,35,Fear,507814,Jan 27,507814,Hidden Empire Film Group (HEFG)
125,36,The Banshees of Inisherin,498283,Oct 21,498283,Searchlight Pictures
126,37,House Party,492165,Jan 13,492165,Warner Bros.
127,38,Mummies,460295,Feb 24,460295,Warner Bros.
128,39,Tár,410920,Oct 7,410920,Focus Features
129,40,Left Behind: Rise of the Antichrist,372442,Jan 26,372442,Fathom Events
130,41,"Crouching Tiger, Hidden Dragon",346771,Feb 17,346771,Sony Pictures Classics
131,42,Violent Night,254030,Dec 2,254030,Universal Pictures
132,43,Selfiee,238110,Feb 24,238110,-
133,44,Whitney Houston: I Wanna Dance with Somebody,220447,Dec 23,220447,TriStar Pictures
134,45,Triangle of Sadness,218777,Oct 7,218777,Neon
135,46,Lourdes,197702,Feb 8,197702,Fathom Events
136,47,EO,195539,Nov 18,195539,Sideshow Releasing
137,48,Aftersun,181780,Oct 21,181780,A24
138,49,Skinamarink,138973,Jan 13,138973,IFC Films
139,50,One Fine Morning,114886,Jan 27,114886,Sony Pictures Entertainment (SPE)
140,51,Turn Every Page: The Adventures of Robert Caro and Robert Gottlieb,109090,Dec 30,109090,Sony Pictures Entertainment (SPE)
141,52,Return to Seoul,90434,Feb 17,90434,Sony Pictures Classics
142,53,iMordecai,79588,Feb 10,79588,Greenwich Entertainment
143,54,All the Beauty and the Bloodshed,72497,Nov 23,72497,-
144,55,Bunker,72175,Feb 24,72175,Blue Fox Entertainment
145,56,The Quiet Girl,67823,Feb 24,67823,Neon
146,57,Path of the Panther,60455,Feb 24,60455,-
147,58,Fire of Love,56332,Jul 6,56332,Neon
148,59,No Bears,50485,Dec 23,50485,Janus Films
149,60,A Difficult Life,48607,Feb 3,48607,Rialto Pictures
150,61,RRR,43062,Jun 1,43062,Variance Films
151,62,Let It Be Morning,41354,Feb 3,41354,Cohen Media Group
152,63,My Happy Ending,37430,Feb 24,37430,Roadside Attractions
153,64,Godland,36383,Feb 3,36383,Janus Films
154,65,Guitar Lessons,35047,Sep 23,35047,-
155,66,Broker,33276,Dec 23,33276,Neon
156,67,Juniper,31569,Feb 24,31569,Greenwich Entertainment
157,68,Saint Omer,27843,Jan 13,27843,Neon
158,69,Full Time,25410,Feb 3,25410,Music Box Films
159,70,Linoleum,23607,Feb 24,23607,Shout! Studios
160,71,The Civil Dead,21109,Feb 10,21109,Utopia
161,72,The Conformist,19488,Jan 6,19488,Kino Lorber
162,73,Cat Daddies,19457,Oct 14,19457,Sky Island Films
163,74,Corsage,17066,Dec 23,17066,IFC Films
164,75,Baby Ruby,16991,Feb 3,16991,Magnolia Pictures
165,76,The Son,15864,Jan 20,15864,Sony Pictures Classics
166,77,Irreversible,11291,Feb 10,11291,Altered Innocence
167,78,Cinema Sabaya,9372,Feb 10,9372,Kino Lorber
168,79,The Trial,7727,Dec 9,7727,Rialto Pictures
169,80,Chocolat,7685,Feb 24,7685,Janus Films
170,81,The Sorrow and the Pity,7060,Feb 24,7060,Kino Lorber
171,82,The Menu,7059,Nov 18,7059,Searchlight Pictures
172,83,MindReader,6291,Oct 24,6291,Five & Two Pictures
173,84,God's Time,6135,Feb 24,6135,IFC Films
174,85,Holy Spider,5006,Oct 28,5006,Utopia
175,86,Only in Theaters,4266,Nov 18,4266,-
176,87,Framing Agnes,4228,Dec 2,4228,Kino Lorber
177,88,Filmmakers for the Prosecution,3859,Jan 27,3859,Kino Lorber
178,89,Carole King Home Again: Live in Central Park,2802,Jan 20,2802,Abramorama
179,90,"Lyle, Lyle, Crocodile",2227,Oct 7,2227,Sony Pictures Entertainment (SPE)
180,91,Utama,2170,Nov 4,2170,Kino Lorber
181,92,Life Upside Down,2091,Jan 27,2091,IFC Films
182,93,Relative,1911,Feb 19,1911,-
183,94,The Runner,1850,Oct 28,1850,Rialto Pictures
184,95,Boblo Boats: A Detroit Ferry Tale,1782,Sep 16,1782,Lucky Hat Entertainment
185,96,The Man in the Basement,1763,Jan 27,1763,Greenwich Entertainment
186,97,Devotion,1667,Nov 23,1667,Columbia Pictures
187,98,Leonor Will Never Die,1529,Nov 25,1529,Music Box Films
188,99,Remember This,1462,Jan 27,1462,Abramorama
189,100,Please Baby Please,1436,Oct 28,1436,Music Box Films
190,101,Strange World,1319,Nov 23,1319,Walt Disney Studios Motion Pictures
191,102,Relative,1281,Jun 8,1281,Newcity
192,103,Brotherhood of the Wolf,1067,Jan 20,1067,Rialto Pictures
193,104,Film: The Living Record of Our Memory,985,Feb 24,985,Kino Lorber
194,105,Loudmouth,723,Dec 9,723,Greenwich Entertainment
195,106,The Devil Conspiracy,515,Jan 13,515,-
196,107,Lowndes County and the Road to Black Power,363,Dec 2,363,Greenwich Entertainment
197,108,Hockeyland,301,Sep 9,301,Greenwich Entertainment
198,109,The Super 8 Years,294,Dec 16,294,Kino Lorber
199,110,Jethica,148,Jan 13,148,-
200,1,Creed III,145057951,Mar 3,145057951,United Artists Releasing
201,2,John Wick: Chapter 4,102486094,Mar 24,102486094,Lionsgate
202,3,Scream VI,94489431,Mar 10,94489431,Paramount Pictures
203,4,Shazam! Fury of the Gods,50077597,Mar 17,50077597,Warner Bros.
204,5,Ant-Man and the Wasp: Quantumania,39790194,Feb 17,39790194,Walt Disney Studios Motion Pictures
205,6,Cocaine Bear,35943145,Feb 24,35943145,Universal Pictures
206,7,Jesus Revolution,31031235,Feb 24,31031235,Lionsgate
207,8,65,29446263,Mar 10,29446263,Sony Pictures Entertainment (SPE)
208,9,Dungeons & Dragons: Honor Among Thieves,15222358,Mar 31,15222358,Paramount Pictures
209,10,Avatar: The Way of Water,14829310,Dec 16,14829310,20th Century Studios
210,11,Champions,14462480,Mar 10,14462480,Focus Features
211,12,Puss in Boots: The Last Wish,10606505,Dec 21,10606505,Universal Pictures
212,13,Demon Slayer: Kimetsu No Yaiba - To the Swordsmith Village,10117806,Mar 3,10117806,Crunchyroll
213,14,Operation Fortune: Ruse de Guerre,6496125,Mar 3,6496125,Lionsgate
214,15,Everything Everywhere All at Once,3850585,Mar 25,3850585,A24
215,16,Mummies,3357731,Feb 24,3357731,Warner Bros.
216,17,Tu Jhoothi Main Makkaar,2469364,Mar 8,2469364,Yash Raj Films USA Inc.
217,18,Magic Mike's Last Dance,2312452,Feb 10,2312452,Warner Bros.
218,19,80 for Brady,2286692,Feb 3,2286692,Paramount Pictures
219,20,His Only Son,2199360,Mar 31,2199360,Angel Studios
220,21,Moving On,1985870,Mar 17,1985870,Roadside Attractions
221,22,A Man Called Otto,1764623,Dec 30,1764623,Columbia Pictures
222,23,A Good Person,1410997,Mar 24,1410997,United Artists Releasing
223,24,2023 Oscar Nominated Short Films: Live Action,1343928,Feb 17,1343928,ShortsTV
224,25,The Quiet Girl,1232017,Feb 24,1232017,Neon
225,26,Knock at the Cabin,1161190,Feb 3,1161190,Universal Pictures
226,27,Come Out in Jesus Name,930454,Mar 13,930454,Fathom Events
227,28,Missing,926051,Jan 20,926051,Sony Pictures Entertainment (SPE)
228,29,Inside,897190,Mar 17,897190,Focus Features
229,30,The Lost King,816085,Mar 24,816085,IFC Films
230,31,A Thousand and One,703495,Mar 31,703495,Focus Features
231,32,Women Talking,632993,Dec 23,632993,United Artists Releasing
232,33,The Amazing Maurice,628864,Feb 3,628864,Viva Pictures
233,34,The Whale,624785,Dec 9,624785,A24
234,35,Emily,497790,Feb 17,497790,Bleecker Street Media
235,36,Return to Seoul,478361,Feb 17,478361,Sony Pictures Classics
236,37,M3gan,442085,Jan 6,442085,Universal Pictures
237,38,Living,419129,Dec 23,419129,Sony Pictures Classics
238,39,Titanic,401910,Feb 10,401910,Paramount Pictures
239,40,Children of the Corn,325583,Mar 3,325583,-
240,41,Southern Gospel,292845,Mar 10,292845,-
241,42,Pathaan,274401,Jan 25,274401,Yash Raj Films USA Inc.
242,43,RRR Fan CelebRRRation,256566,Mar 3,256566,Variance Films
243,44,School of Magical Animals,224923,Mar 24,224923,Blue Fox Entertainment
244,45,Close,194966,Jan 27,194966,A24
245,46,Marlowe,181448,Feb 15,181448,Open Road Films (II)
246,47,The Fabelmans,163190,Nov 11,163190,Universal Pictures
247,48,Hidden Blade,161179,Feb 17,161179,Well Go USA Entertainment
248,49,Tár,159085,Oct 7,159085,Focus Features
249,50,The Banshees of Inisherin,147159,Oct 21,147159,Searchlight Pictures
250,51,The Magic Flute,141143,Mar 10,141143,Shout! Studios
251,52,UFC 286,132634,Mar 18,132634,-
252,53,¡Que viva México!,120602,Mar 24,120602,Sony Pictures Entertainment (SPE)
253,54,Triangle of Sadness,99610,Oct 7,99610,Neon
254,55,Selfiee,97665,Feb 24,97665,-
255,56,"Crouching Tiger, Hidden Dragon",94091,Feb 17,94091,Sony Pictures Classics
256,57,Malum,90405,Mar 31,90405,-
257,58,Path of the Panther,73539,Feb 24,73539,-
258,59,The Wandering Earth II,63838,Jan 22,63838,Well Go USA Entertainment
259,60,Violent Night,63160,Dec 2,63160,Universal Pictures
260,61,One Fine Morning,57207,Jan 27,57207,Sony Pictures Entertainment (SPE)
261,62,iMordecai,55289,Feb 10,55289,Greenwich Entertainment
262,63,Linoleum,53889,Feb 24,53889,Shout! Studios
263,64,Turn Every Page: The Adventures of Robert Caro and Robert Gottlieb,53625,Dec 30,53625,Sony Pictures Entertainment (SPE)
264,65,Aftersun,49542,Oct 21,49542,A24
265,66,The Conformist,44934,Jan 6,44934,Kino Lorber
266,67,EO,41729,Nov 18,41729,Sideshow Releasing
267,68,Juniper,41426,Feb 24,41426,Greenwich Entertainment
268,69,Black Panther: Wakanda Forever,31368,Nov 11,31368,Walt Disney Studios Motion Pictures
269,70,Bunker,30194,Feb 24,30194,Blue Fox Entertainment
270,71,Enys Men,30006,Mar 31,30006,-
271,72,The Trial,24859,Dec 9,24859,Rialto Pictures
272,73,The Innocent,22262,Mar 17,22262,Janus Films
273,74,My Happy Ending,21899,Feb 24,21899,Roadside Attractions
274,75,Guitar Lessons,21808,Sep 23,21808,-
275,76,Unwelcome,21284,Mar 10,21284,Well Go USA Entertainment
276,77,Nam June Paik: Moon Is the Oldest TV,21132,Mar 24,21132,Greenwich Entertainment
277,78,Godland,19826,Feb 3,19826,Janus Films
278,79,Tori and Lokita,19741,Mar 24,19741,Janus Films
279,80,The Forger,17193,Mar 3,17193,Kino Lorber
280,81,All the Beauty and the Bloodshed,16932,Nov 23,16932,-
281,82,Summoning Sylvia,16851,Mar 31,16851,-
282,83,Plane,16148,Jan 13,16148,Lionsgate
283,84,Of an Age,15385,Feb 17,15385,Focus Features
284,85,Chocolat,14720,Feb 24,14720,Janus Films
285,86,Rodeo,14664,Mar 17,14664,Music Box Films
286,87,A Difficult Life,13871,Feb 3,13871,Rialto Pictures
287,88,Drylongso,13831,Mar 17,13831,Janus Films
288,89,"What the Hell Happened to Blood, Sweat & Tears?",12504,Mar 24,12504,Abramorama
289,90,Cinema Sabaya,11192,Feb 10,11192,Kino Lorber
290,91,No Bears,10775,Dec 23,10775,Janus Films
291,92,Full Time,10178,Feb 3,10178,Music Box Films
292,93,MindReader,9348,Oct 24,9348,Five & Two Pictures
293,94,The Civil Dead,9060,Feb 10,9060,Utopia
294,95,Give Me Pity!,8572,Mar 3,8572,Utopia
295,96,The Five Devils,8150,Mar 24,8150,MUBI
296,97,I Got a Monster,7971,Mar 10,7971,Greenwich Entertainment
297,98,Gods of Mexico,7031,Mar 3,7031,Oscilloscope
298,99,La civil,6884,Mar 3,6884,-
299,100,The Man in the Basement,6122,Jan 27,6122,Greenwich Entertainment
300,101,Smoking Causes Coughing,5866,Mar 31,5866,Magnolia Pictures
301,102,Only in Theaters,5809,Nov 18,5809,-
302,103,Whitney Houston: I Wanna Dance with Somebody,5780,Dec 23,5780,TriStar Pictures
303,104,Therapy Dogs,5393,Mar 10,5393,Utopia
304,105,Making Him Famous,4967,Mar 17,4967,Atlas Distribution Company
305,106,The Sorrow and the Pity,4623,Feb 24,4623,Kino Lorber
306,107,The Innocents,4348,May 13,4348,IFC Films
307,108,Filmmakers for the Prosecution,4172,Jan 27,4172,Kino Lorber
308,109,God's Time,3892,Feb 24,3892,IFC Films
309,110,Rimini,3774,Mar 15,3774,Big World Pictures
310,111,Skinamarink,3674,Jan 13,3674,IFC Films
311,112,The Runner,3235,Oct 28,3235,Rialto Pictures
312,113,The Headmistress,3075,Jan 13,3075,Indican Pictures
313,114,In Viaggio: The Travels of Pope Francis,2621,Mar 31,2621,Magnolia Pictures
314,115,The Worst Ones,2615,Mar 24,2615,Kino Lorber
315,116,Consecration,2512,Feb 10,2512,IFC Films
316,117,Cat Daddies,2453,Oct 14,2453,Sky Island Films
317,118,Film: The Living Record of Our Memory,2440,Feb 24,2440,Kino Lorber
318,119,Brotherhood of the Wolf,2061,Jan 20,2061,Rialto Pictures
319,120,Framing Agnes,1735,Dec 2,1735,Kino Lorber
320,121,Utama,1550,Nov 4,1550,Kino Lorber
321,122,Boblo Boats: A Detroit Ferry Tale,913,Sep 16,913,Lucky Hat Entertainment
322,123,Brainwashed: Sex-Camera-Power,890,Oct 21,890,Kino Lorber
323,124,The Super 8 Years,858,Dec 16,858,Kino Lorber
324,125,Leonor Will Never Die,737,Nov 25,737,Music Box Films
325,126,Eight Deadly Shots,539,Mar 31,539,Janus Films
326,127,Corsage,300,Dec 23,300,IFC Films
327,128,Imagining the Indian,197,Mar 31,197,Ciesla Foundation
328,129,Holy Spider,185,Oct 28,185,Utopia
329,130,Venus,136,Mar 31,136,Sony Pictures Entertainment (SPE)
330,131,Please Baby Please,128,Oct 28,128,Music Box Films
331,1,The Super Mario Bros. Movie,490851630,Apr 5,490851630,Universal Pictures
332,2,John Wick: Chapter 4,73534908,Mar 24,73534908,Lionsgate
333,3,Dungeons & Dragons: Honor Among Thieves,73009377,Mar 31,73009377,Paramount Pictures
334,4,Air,47632574,Apr 5,47632574,-
335,5,Evil Dead Rise,44347368,Apr 21,44347368,Warner Bros.
336,6,The Pope's Exorcist,18016970,Apr 14,18016970,Screen Gems
337,7,Renfield,16341400,Apr 14,16341400,Universal Pictures
338,8,Scream VI,13622755,Mar 10,13622755,Paramount Pictures
339,9,The Covenant,12274737,Apr 21,12274737,Metro-Goldwyn-Mayer (MGM)
340,10,Creed III,11058143,Mar 3,11058143,United Artists Releasing
341,11,His Only Son,9884724,Mar 31,9884724,Angel Studios
342,12,Suzume,9770444,Apr 14,9770444,Crunchyroll
343,13,Shazam! Fury of the Gods,7556261,Mar 17,7556261,Warner Bros.
344,14,"Are You There God? It's Me, Margaret.",6739037,Apr 28,6739037,Lionsgate
345,15,Beau Is Afraid,5692874,Apr 14,5692874,A24
346,16,Star Wars: Episode VI - Return of the Jedi,5100654,Apr 28,5100654,-
347,17,Ponniyin Selvan: Part Two,3813000,Apr 28,3813000,-
348,18,The Journey: A Music Special from Andrea Bocelli,3574915,Apr 2,3574915,Fathom Events
349,19,Mafia Mamma,3496761,Apr 14,3496761,Bleecker Street Media
350,20,Nefarious,3414106,Apr 14,3414106,Soli Deo Gloria Releasing
351,21,Sisu,3330891,Apr 28,3330891,Lionsgate
352,22,Big George Foreman,2925364,Apr 28,2925364,Sony Pictures Entertainment (SPE)
353,23,Avatar: The Way of Water,2802843,Dec 16,2802843,20th Century Studios
354,24,Chevalier,2787791,Apr 21,2787791,Walt Disney Studios Motion Pictures
355,25,A Thousand and One,2692100,Mar 31,2692100,Focus Features
356,26,65,2582558,Mar 10,2582558,Sony Pictures Entertainment (SPE)
357,27,Jesus Revolution,1910185,Feb 24,1910185,Lionsgate
358,28,Ant-Man and the Wasp: Quantumania,1844824,Feb 17,1844824,Walt Disney Studios Motion Pictures
359,29,Champions,1803490,Mar 10,1803490,Focus Features
360,30,Come Out in Jesus Name,1570120,Mar 13,1570120,Fathom Events
361,31,Everything Everywhere All at Once,1517867,Mar 25,1517867,A24
362,32,Spirited Away,1324507,Apr 23,1324507,Fathom Events
363,33,Somewhere in Queens,1309643,Apr 21,1309643,Roadside Attractions
364,34,Cocaine Bear,1215230,Feb 24,1215230,Universal Pictures
365,35,The Lord of the Rings: The Return of the King,1176085,Apr 13,1176085,Fathom Events
366,36,Puss in Boots: The Last Wish,975295,Dec 21,975295,Universal Pictures
367,37,Polite Society,817740,Apr 28,817740,Focus Features
368,38,Paint,807507,Apr 7,807507,IFC Films
369,39,A Good Person,799468,Mar 24,799468,United Artists Releasing
370,40,Showing Up,769862,Apr 7,769862,A24
371,41,How to Blow Up a Pipeline,725655,Apr 7,725655,-
372,42,The Thorn,577004,Mar 6,577004,Fathom Events
373,43,Sweetwater,541633,Apr 14,541633,Briarcliff Entertainment
374,44,Mummies,457944,Feb 24,457944,Warner Bros.
375,45,The Lost King,354842,Mar 24,354842,IFC Films
376,46,Mirando Al Cielo,295539,Apr 18,295539,Fathom Events
377,47,The Quiet Girl,200174,Feb 24,200174,Neon
378,48,Born to Fly,193927,Apr 28,193927,Well Go USA Entertainment
379,49,Return to Seoul,183975,Feb 17,183975,Sony Pictures Classics
380,50,Wild Life,181470,Apr 14,181470,Picturehouse
381,51,The Whale,174901,Dec 9,174901,A24
382,52,La Usurpadora: The Musical,160527,Apr 7,160527,Pantelion Films
383,53,Moving On,143753,Mar 17,143753,Roadside Attractions
384,54,Malum,131333,Mar 31,131333,-
385,55,Enys Men,130773,Mar 31,130773,-
386,56,Ride On,128950,Apr 7,128950,Well Go USA Entertainment
387,57,Joyland,124023,Apr 7,124023,Oscilloscope
388,58,Little Richard: I Am Everything,108322,Apr 21,108322,Magnolia Pictures
389,59,The Lost Weekend: A Love Story,102531,Apr 13,102531,-
390,60,School of Magical Animals,63491,Mar 24,63491,Blue Fox Entertainment
391,61,Smoking Causes Coughing,52966,Mar 31,52966,Magnolia Pictures
392,62,Sick of Myself,51492,Apr 14,51492,Utopia
393,63,The Eight Mountains,50060,Apr 28,50060,Variance Films
394,64,¡Que viva México!,40620,Mar 24,40620,Sony Pictures Entertainment (SPE)
395,65,The Conformist,38509,Jan 6,38509,Kino Lorber
396,66,Nam June Paik: Moon Is the Oldest TV,37548,Mar 24,37548,Greenwich Entertainment
397,67,Summoning Sylvia,35812,Mar 31,35812,-
398,68,Tori and Lokita,35539,Mar 24,35539,Janus Films
399,69,Tu Jhoothi Main Makkaar,34240,Mar 8,34240,Yash Raj Films USA Inc.
400,70,A Man Called Otto,33301,Dec 30,33301,Columbia Pictures
401,71,The Amazing Maurice,32273,Feb 3,32273,Viva Pictures
402,72,Other People's Children,29928,Apr 21,29928,Music Box Films
403,73,The End of Sex,23367,Apr 28,23367,Blue Fox Entertainment
404,74,Carmen,22724,Apr 21,22724,Sony Pictures Classics
405,75,"What the Hell Happened to Blood, Sweat & Tears?",21759,Mar 24,21759,Abramorama
406,76,Turn Every Page: The Adventures of Robert Caro and Robert Gottlieb,21115,Dec 30,21115,Sony Pictures Entertainment (SPE)
407,77,Nuclear Now,20598,Apr 28,20598,Abramorama
408,78,River,20501,Apr 21,20501,Greenwich Entertainment
409,79,In Viaggio: The Travels of Pope Francis,20282,Mar 31,20282,Magnolia Pictures
410,80,Róise & Frank,19932,Mar 31,19932,Juno Films
411,81,Living,17798,Dec 23,17798,Sony Pictures Classics
412,82,Hilma,15928,Apr 14,15928,Juno Films
413,83,"Blind Willow, Sleeping Woman",15592,Apr 14,15592,-
414,84,The Headmistress,13120,Jan 13,13120,Indican Pictures
415,85,The Innocent,12560,Mar 17,12560,Janus Films
416,86,Violent Night,12245,Dec 2,12245,Universal Pictures
417,87,The Trial,11700,Dec 9,11700,Rialto Pictures
418,88,MindReader,11544,Oct 24,11544,Five & Two Pictures
419,89,"Crouching Tiger, Hidden Dragon",10246,Feb 17,10246,Sony Pictures Classics
420,90,32 Sounds,10239,Apr 28,10239,Abramorama
421,91,Rare Objects,10072,Apr 14,10072,IFC Films
422,92,Passion,9989,Apr 14,9989,Film Movement
423,93,Juniper,9974,Feb 24,9974,Greenwich Entertainment
424,94,One Fine Morning,9736,Jan 27,9736,Sony Pictures Entertainment (SPE)
425,95,Linoleum,9434,Feb 24,9434,Shout! Studios
426,96,The Worst Ones,8843,Mar 24,8843,Kino Lorber
427,97,A Difficult Life,7748,Feb 3,7748,Rialto Pictures
428,98,The Forger,7007,Mar 3,7007,Kino Lorber
429,99,Cinema Sabaya,6320,Feb 10,6320,Kino Lorber
430,100,Path of the Panther,6138,Feb 24,6138,-
431,101,Boblo Boats: A Detroit Ferry Tale,5478,Sep 16,5478,Lucky Hat Entertainment
432,102,My Architect,5400,Apr 7,5400,Abramorama
433,103,Four Quartets,5332,Apr 28,5332,Kino Lorber
434,104,The Wandering Earth II,5046,Jan 22,5046,Well Go USA Entertainment
435,105,iMordecai,5010,Feb 10,5010,Greenwich Entertainment
436,106,R.M.N.,4755,Apr 28,4755,IFC Films
437,107,Guitar Lessons,4198,Sep 23,4198,-
438,108,Cadejo Blanco,3562,Apr 21,3562,Film Movement
439,109,The Five Devils,3536,Mar 24,3536,MUBI
440,110,Rodeo,3408,Mar 17,3408,Music Box Films
441,111,Eight Deadly Shots,3234,Mar 31,3234,Janus Films
442,112,Only in Theaters,3073,Nov 18,3073,-
443,113,Godland,2910,Feb 3,2910,Janus Films
444,114,Drylongso,2591,Mar 17,2591,Janus Films
445,115,The Civil Dead,2175,Feb 10,2175,Utopia
446,116,Leonor Will Never Die,1697,Nov 25,1697,Music Box Films
447,117,Filmmakers for the Prosecution,1429,Jan 27,1429,Kino Lorber
448,118,Full Time,1406,Feb 3,1406,Music Box Films
449,119,La civil,1405,Mar 3,1405,-
450,120,The Sorrow and the Pity,1396,Feb 24,1396,Kino Lorber
451,121,Tommy Guns,1315,Apr 12,1315,Kino Lorber
452,122,Imagining the Indian,1182,Mar 31,1182,Ciesla Foundation
453,123,Venus,1106,Mar 31,1106,Sony Pictures Entertainment (SPE)
454,124,Film: The Living Record of Our Memory,957,Feb 24,957,Kino Lorber
455,125,Heretic,679,Jan 20,679,Indican Pictures
456,126,Southern Gospel,651,Mar 10,651,-
457,127,The Runner,592,Oct 28,592,Rialto Pictures
458,128,The Monsters Without,306,Apr 27,306,-
459,1,Guardians of the Galaxy Vol. 3,310885750,May 5,310885750,Walt Disney Studios Motion Pictures
460,2,The Little Mermaid,138583114,May 26,138583114,Walt Disney Studios Motion Pictures
461,3,Fast X,117838360,May 19,117838360,Universal Pictures
462,4,The Super Mario Bros. Movie,71530590,Apr 5,71530590,Universal Pictures
463,5,Evil Dead Rise,22369576,Apr 21,22369576,Warner Bros.
464,6,Book Club: The Next Chapter,16760350,May 12,16760350,Focus Features
465,7,"Are You There God? It's Me, Margaret.",13182874,Apr 28,13182874,Lionsgate
466,8,John Wick: Chapter 4,10642303,Mar 24,10642303,Lionsgate
467,9,The Machine,6682001,May 26,6682001,Sony Pictures Entertainment (SPE)
468,10,About My Father,6416701,May 26,6416701,Lionsgate
469,11,Love Again,6183953,May 5,6183953,Screen Gems
470,12,Dungeons & Dragons: Honor Among Thieves,5034985,Mar 31,5034985,Paramount Pictures
471,13,Air,4824548,Apr 5,4824548,-
472,14,The Covenant,4657962,Apr 21,4657962,Metro-Goldwyn-Mayer (MGM)
473,15,Hypnotic,4498958,May 12,4498958,Ketchup Entertainment
474,16,Sisu,3929823,Apr 28,3929823,Lionsgate
475,17,Kandahar,3329868,May 26,3329868,Open Road Films (II)
476,18,Big George Foreman,2500866,Apr 28,2500866,Sony Pictures Entertainment (SPE)
477,19,Star Wars: Episode VI - Return of the Jedi,2159270,Apr 28,2159270,-
478,20,You Hurt My Feelings,2103430,May 26,2103430,A24
479,21,Beau Is Afraid,1968088,Apr 14,1968088,A24
480,22,Nefarious,1917935,Apr 14,1917935,Soli Deo Gloria Releasing
481,23,The Pope's Exorcist,1853635,Apr 14,1853635,Screen Gems
482,24,Ant-Man and the Wasp: Quantumania,1486018,Feb 17,1486018,Walt Disney Studios Motion Pictures
483,25,BlackBerry,1341926,May 12,1341926,IFC Films
484,26,Knights of the Zodiac,1030468,May 12,1030468,-
485,27,Suzume,965937,Apr 14,965937,Crunchyroll
486,28,Fool's Paradise,854137,May 12,854137,Roadside Attractions
487,29,Renfield,811225,Apr 14,811225,Universal Pictures
488,30,Roll with It,757981,May 9,757981,Fathom Events
489,31,Polite Society,727860,Apr 28,727860,Focus Features
490,32,Rally Road Racers,711005,May 12,711005,Viva Pictures
491,33,Chevalier,660909,Apr 21,660909,Walt Disney Studios Motion Pictures
492,34,The Way,567448,May 16,567448,Fathom Events
493,35,Master Gardener,541316,May 19,541316,Magnolia Pictures
494,36,A Father's Heart,447912,May 1,447912,Fathom Events
495,37,Somewhere in Queens,407329,Apr 21,407329,Roadside Attractions
496,38,It Ain't Over,360683,May 12,360683,Sony Pictures Entertainment (SPE)
497,39,Spirited Away,228500,Apr 23,228500,Fathom Events
498,40,Showing Up,202212,Apr 7,202212,A24
499,41,The Wrath of Becky,168109,May 26,168109,Quiver Distribution
500,42,Sanctuary,151263,May 19,151263,-
501,43,The Eight Mountains,146265,Apr 28,146265,Variance Films
502,44,Wild Life,145143,Apr 14,145143,Picturehouse
503,45,The Starling Girl,138319,May 12,138319,Bleecker Street Media
504,46,Monica,134258,May 12,134258,IFC Films
505,47,Creed III,132521,Mar 3,132521,United Artists Releasing
506,48,Joyland,125121,Apr 7,125121,Oscilloscope
507,49,Avatar: The Way of Water,117798,Dec 16,117798,20th Century Studios
508,50,Carmen,75685,Apr 21,75685,Sony Pictures Classics
509,51,L'immensità,62108,May 12,62108,Music Box Films
510,52,Born to Fly,61648,Apr 28,61648,Well Go USA Entertainment
511,53,Chile '76,59867,May 5,59867,Kino Lorber
512,54,Scream VI,49203,Mar 10,49203,Paramount Pictures
513,55,Sick of Myself,47697,Apr 14,47697,Utopia
514,56,R.M.N.,40550,Apr 28,40550,IFC Films
515,57,32 Sounds,39218,Apr 28,39218,Abramorama
516,58,Other People's Children,37630,Apr 21,37630,Music Box Films
517,59,65,34083,Mar 10,34083,Sony Pictures Entertainment (SPE)
518,60,The End of Sex,31156,Apr 28,31156,Blue Fox Entertainment
519,61,The Melt Goes on Forever: The Art & Times of David Hammons,26027,May 5,26027,Greenwich Entertainment
520,62,How to Blow Up a Pipeline,24355,Apr 7,24355,-
521,63,Little Richard: I Am Everything,21365,Apr 21,21365,Magnolia Pictures
522,64,Return to Seoul,20800,Feb 17,20800,Sony Pictures Classics
523,65,Moon Garden,16013,May 19,16013,Oscilloscope
524,66,The Lost King,13825,Mar 24,13825,IFC Films
525,67,Werckmeister Harmonies,13320,May 26,13320,Janus Films
526,68,Close to Vermeer,12858,May 26,12858,Kino Lorber
527,69,Always a Winner,11746,May 3,11746,Five & Two Pictures
528,70,The Conformist,9994,Jan 6,9994,Kino Lorber
529,71,MindReader,9232,Oct 24,9232,Five & Two Pictures
530,72,Moving On,6992,Mar 17,6992,Roadside Attractions
531,73,"Blind Willow, Sleeping Woman",6910,Apr 14,6910,-
532,74,The Night of the 12th,6798,May 19,6798,Film Movement
533,75,The Cow Who Sang a Song Into the Future,6604,May 19,6604,Kino Lorber
534,76,Champions,5940,Mar 10,5940,Focus Features
535,77,Smoking Causes Coughing,5550,Mar 31,5550,Magnolia Pictures
536,78,Cinema Sabaya,5375,Feb 10,5375,Kino Lorber
537,79,A Thousand and One,4425,Mar 31,4425,Focus Features
538,80,Paint,4230,Apr 7,4230,IFC Films
539,81,The Headmistress,4202,Jan 13,4202,Indican Pictures
540,82,Shazam! Fury of the Gods,4148,Mar 17,4148,Warner Bros.
541,83,Four Quartets,3998,Apr 28,3998,Kino Lorber
542,84,White Balls on Walls,3313,May 26,3313,Icarus Films
543,85,Róise & Frank,3062,Mar 31,3062,Juno Films
544,86,River,2288,Apr 21,2288,Greenwich Entertainment
545,87,The Forger,2073,Mar 3,2073,Kino Lorber
546,88,Full Time,1655,Feb 3,1655,Music Box Films
547,89,The Trial,1431,Dec 9,1431,Rialto Pictures
548,90,Turn Every Page: The Adventures of Robert Caro and Robert Gottlieb,1285,Dec 30,1285,Sony Pictures Entertainment (SPE)
549,91,The Worst Ones,1276,Mar 24,1276,Kino Lorber
550,92,Film: The Living Record of Our Memory,1151,Feb 24,1151,Kino Lorber
551,93,The Monsters Without,928,Apr 27,928,-
552,94,Tommy Guns,662,Apr 12,662,Kino Lorber
553,95,Hilma,638,Apr 14,638,Juno Films
554,96,One Fine Morning,512,Jan 27,512,Sony Pictures Entertainment (SPE)
555,97,"Crouching Tiger, Hidden Dragon",432,Feb 17,432,Sony Pictures Classics
556,98,Rare Objects,380,Apr 14,380,IFC Films
557,99,Living,376,Dec 23,376,Sony Pictures Classics
558,100,Brotherhood of the Wolf,275,Jan 20,275,Rialto Pictures
559,101,A Difficult Life,263,Feb 3,263,Rialto Pictures
560,102,In Viaggio: The Travels of Pope Francis,228,Mar 31,228,Magnolia Pictures
561,103,Nam June Paik: Moon Is the Oldest TV,196,Mar 24,196,Greenwich Entertainment
562,104,Only in Theaters,68,Nov 18,68,-
563,1,Spider-Man: Across the Spider-Verse,331827099,Jun 2,331827099,Columbia Pictures
564,2,The Little Mermaid,138826234,May 26,138826234,Walt Disney Studios Motion Pictures
565,3,Transformers: Rise of the Beasts,131055239,Jun 9,131055239,Paramount Pictures
566,4,The Flash,95682666,Jun 16,95682666,Warner Bros.
567,5,Elemental,80964619,Jun 16,80964619,Walt Disney Studios Motion Pictures
568,6,Guardians of the Galaxy Vol. 3,42719008,May 5,42719008,Walt Disney Studios Motion Pictures
569,7,The Boogeyman,39861551,Jun 2,39861551,Walt Disney Studios Motion Pictures
570,8,Fast X,27356760,May 19,27356760,Universal Pictures
571,9,No Hard Feelings,24039286,Jun 23,24039286,Sony Pictures Entertainment (SPE)
572,10,Indiana Jones and the Dial of Destiny,23682998,Jun 30,23682998,Walt Disney Studios Motion Pictures
573,11,Asteroid City,15536445,Jun 16,15536445,Focus Features
574,12,The Blackening,14412583,Jun 16,14412583,Lionsgate
575,13,The Super Mario Bros. Movie,10964770,Apr 5,10964770,Universal Pictures
576,14,About My Father,5496065,May 26,5496065,Lionsgate
577,15,Past Lives,4821764,Jun 2,4821764,A24
578,16,The Machine,3776330,May 26,3776330,Sony Pictures Entertainment (SPE)
579,17,You Hurt My Feelings,2589461,May 26,2589461,A24
580,18,"Ruby Gillman, Teenage Kraken",2339895,Jun 30,2339895,DreamWorks
581,19,Kandahar,1483264,May 26,1483264,Open Road Films (II)
582,20,The Roundup: No Way Out,823660,Jun 2,823660,Capelight Pictures
583,21,Book Club: The Next Chapter,795990,May 12,795990,Focus Features
584,22,Evil Dead Rise,516110,Apr 21,516110,Warner Bros.
585,23,John Wick: Chapter 4,468501,Mar 24,468501,Lionsgate
586,24,"Are You There God? It's Me, Margaret.",450495,Apr 28,450495,Lionsgate
587,25,Sanctuary,383939,May 19,383939,-
588,26,Mending the Line,379890,Jun 9,379890,Blue Fox Entertainment
589,27,It Ain't Over,295958,May 12,295958,Sony Pictures Entertainment (SPE)
590,28,Lonely Castle in the Mirror,139154,Jun 21,139154,GKIDS
591,29,The Pope's Exorcist,136926,Apr 14,136926,Screen Gems
592,30,BlackBerry,129036,May 12,129036,IFC Films
593,31,Master Gardener,118457,May 19,118457,Magnolia Pictures
594,32,The Last Rider,106547,Jun 23,106547,Roadside Attractions
595,33,Nefarious,101644,Apr 14,101644,Soli Deo Gloria Releasing
596,34,Chevalier,92459,Apr 21,92459,Walt Disney Studios Motion Pictures
597,35,Close to Vermeer,88734,May 26,88734,Kino Lorber
598,36,Beau Is Afraid,79361,Apr 14,79361,A24
599,37,The Angry Black Girl and Her Monster,79015,Jun 9,79015,-
600,38,Squaring the Circle (The Story of Hipgnosis),77050,Jun 9,77050,Utopia
601,39,Daliland,75849,Jun 9,75849,Magnolia Pictures
602,40,The Eight Mountains,75234,Apr 28,75234,Variance Films
603,41,Somewhere in Queens,73177,Apr 21,73177,Roadside Attractions
604,42,Blue Jean,70600,Jun 9,70600,Magnolia Pictures
605,43,Chile '76,61951,May 5,61951,Kino Lorber
606,44,Knights of the Zodiac,59282,May 12,59282,-
607,45,Lynch/Oz,49993,Jun 2,49993,Janus Films
608,46,Every Body,47615,Jun 30,47615,Focus Features
609,47,Love Again,46544,May 5,46544,Screen Gems
610,48,Ant-Man and the Wasp: Quantumania,46460,Feb 17,46460,Walt Disney Studios Motion Pictures
611,49,Joyland,42279,Apr 7,42279,Oscilloscope
612,50,Scarlet,35737,Jun 9,35737,Kino Lorber
613,51,L'immensità,33170,May 12,33170,Music Box Films
614,52,Moon Garden,29316,May 19,29316,Oscilloscope
615,53,The Night of the 12th,28503,May 19,28503,Film Movement
616,54,Suzume,24520,Apr 14,24520,Crunchyroll
617,55,Werckmeister Harmonies,23534,May 26,23534,Janus Films
618,56,The Starling Girl,22971,May 12,22971,Bleecker Street Media
619,57,Monica,18361,May 12,18361,IFC Films
620,58,"Desperate Souls, Dark City and the Legend of Midnight Cowboy",16040,Jun 23,16040,Zeitgeist Films
621,59,Revoir Paris,15952,Jun 23,15952,Music Box Films
622,60,Falcon Lake,12768,Jun 2,12768,Yellow Veil Pictures
623,61,Dungeons & Dragons: Honor Among Thieves,10306,Mar 31,10306,Paramount Pictures
624,62,Other People's Children,10137,Apr 21,10137,Music Box Films
625,63,The Mother and the Whore,9743,Jun 23,9743,Janus Films
626,64,Loren & Rose,9692,Jun 23,9692,Wise Lars
627,65,The Wicker Man,8956,Jun 21,8956,Rialto Pictures
628,66,The Cow Who Sang a Song Into the Future,7075,May 19,7075,Kino Lorber
629,67,32 Sounds,7017,Apr 28,7017,Abramorama
630,68,"Blind Willow, Sleeping Woman",5972,Apr 14,5972,-
631,69,Sick of Myself,5597,Apr 14,5597,Utopia
632,70,The Covenant,5340,Apr 21,5340,Metro-Goldwyn-Mayer (MGM)
633,71,Carmen,4976,Apr 21,4976,Sony Pictures Classics
634,72,Sisu,4908,Apr 28,4908,Lionsgate
635,73,Contempt,4558,Jun 30,4558,Rialto Pictures
636,74,White Balls on Walls,3699,May 26,3699,Icarus Films
637,75,Cinema Sabaya,3112,Feb 10,3112,Kino Lorber
638,76,Air,2984,Apr 5,2984,-
639,77,The Melt Goes on Forever: The Art & Times of David Hammons,2912,May 5,2912,Greenwich Entertainment
640,78,Return to Seoul,2842,Feb 17,2842,Sony Pictures Classics
641,79,Full Time,2708,Feb 3,2708,Music Box Films
642,80,Four Quartets,2674,Apr 28,2674,Kino Lorber
643,81,Little Richard: I Am Everything,1798,Apr 21,1798,Magnolia Pictures
644,82,Boblo Boats: A Detroit Ferry Tale,1323,Sep 16,1323,Lucky Hat Entertainment
645,83,A Difficult Life,1216,Feb 3,1216,Rialto Pictures
646,84,Hypnotic,1211,May 12,1211,Ketchup Entertainment
647,85,Shift: The Ragbrai Documentary,1105,May 4,1105,-
648,86,R.M.N.,1045,Apr 28,1045,IFC Films
649,87,Fool's Paradise,1036,May 12,1036,Roadside Attractions
650,88,The Trial,1033,Dec 9,1033,Rialto Pictures
651,89,The Forger,1000,Mar 3,1000,Kino Lorber
652,90,Kings of L.A.,420,Jun 23,420,Indican Pictures
653,91,Big George Foreman,311,Apr 28,311,Sony Pictures Entertainment (SPE)
654,92,Please Baby Please,273,Oct 28,273,Music Box Films
655,93,Millie Lies Low,228,Jun 30,228,Film Movement
656,94,Moving On,217,Mar 17,217,Roadside Attractions
657,95,The Worst Ones,149,Mar 24,149,Kino Lorber
658,96,Smoking Causes Coughing,93,Mar 31,93,Magnolia Pictures
659,97,The Conformist,72,Jan 6,72,Kino Lorber
660,1,Barbie,366422042,Jul 21,366422042,Warner Bros.
661,2,Oppenheimer,181420520,Jul 21,181420520,Universal Pictures
662,3,Sound of Freedom,151377819,Jul 4,151377819,Angel Studios
663,4,Indiana Jones and the Dial of Destiny,143954992,Jun 30,143954992,Walt Disney Studios Motion Pictures
664,5,Mission: Impossible - Dead Reckoning Part One,140519062,Jul 12,140519062,Paramount Pictures
665,6,Insidious: The Red Door,78582040,Jul 7,78582040,Screen Gems
666,7,Elemental,64651439,Jun 16,64651439,Walt Disney Studios Motion Pictures
667,8,Spider-Man: Across the Spider-Verse,47198875,Jun 2,47198875,Columbia Pictures
668,9,Haunted Mansion,26457187,Jul 28,26457187,Walt Disney Studios Motion Pictures
669,10,No Hard Feelings,26161697,Jun 23,26161697,Sony Pictures Entertainment (SPE)
670,11,Transformers: Rise of the Beasts,25646277,Jun 9,25646277,Paramount Pictures
671,12,The Little Mermaid,19537582,May 26,19537582,Walt Disney Studios Motion Pictures
672,13,"Ruby Gillman, Teenage Kraken",13281710,Jun 30,13281710,DreamWorks
673,14,Joy Ride,12861615,Jul 7,12861615,Lionsgate
674,15,The Flash,12237595,Jun 16,12237595,Warner Bros.
675,16,Asteroid City,12123440,Jun 16,12123440,Focus Features
676,17,Talk to Me,11791260,Jul 28,11791260,A24
677,18,Past Lives,5519018,Jun 2,5519018,A24
678,19,Guardians of the Galaxy Vol. 3,5351961,May 5,5351961,Walt Disney Studios Motion Pictures
679,20,The Boogeyman,3382731,Jun 2,3382731,Walt Disney Studios Motion Pictures
680,21,The Blackening,3294624,Jun 16,3294624,Lionsgate
681,22,The Miracle Club,1606255,Jul 14,1606255,Sony Pictures Entertainment (SPE)
682,23,Theater Camp,1603349,Jul 14,1603349,Searchlight Pictures
683,24,The Super Mario Bros. Movie,797505,Apr 5,797505,Universal Pictures
684,25,Fast X,765540,May 19,765540,Universal Pictures
685,26,The First Slam Dunk,745455,Jul 28,745455,GKIDS
686,27,Terrifier,338511,Jul 19,338511,-
687,28,The Lesson,310746,Jul 7,310746,-
688,29,Psycho-Pass: Providence,309757,Jul 14,309757,Crunchyroll
689,30,UFC 291: Poirier vs. Gaethje 2,308825,Jul 29,308825,-
690,31,The Essential Church,295405,Jul 28,295405,Atlas Distribution Company
691,32,Every Body,226245,Jun 30,226245,Focus Features
692,33,Go West,210526,Jul 19,210526,Purdie Distribution
693,34,About My Father,176625,May 26,176625,Lionsgate
694,35,You Hurt My Feelings,137897,May 26,137897,A24
695,36,Afire,120243,Jul 14,120243,Sideshow Releasing
696,37,Contempt,119913,Jun 30,119913,Rialto Pictures
697,38,The Roundup: No Way Out,85751,Jun 2,85751,Capelight Pictures
698,39,The League,62309,Jul 14,62309,Magnolia Pictures
699,40,Biosphere,60149,Jul 7,60149,IFC Films
700,41,Close to Vermeer,52038,May 26,52038,Kino Lorber
701,42,It Ain't Over,47642,May 12,47642,Sony Pictures Entertainment (SPE)
702,43,Black Ice,47362,Jul 14,47362,Roadside Attractions
703,44,Have You Got It Yet? The Story of Syd Barrett and Pink Floyd,47254,Jul 14,47254,Abramorama
704,45,The Angry Black Girl and Her Monster,44087,Jun 9,44087,-
705,46,Blue Jean,39505,Jun 9,39505,Magnolia Pictures
706,47,The Last Rider,38097,Jun 23,38097,Roadside Attractions
707,48,Revoir Paris,32118,Jun 23,32118,Music Box Films
708,49,The Mother and the Whore,30808,Jun 23,30808,Janus Films
709,50,"Desperate Souls, Dark City and the Legend of Midnight Cowboy",29705,Jun 23,29705,Zeitgeist Films
710,51,The Wicker Man,28516,Jun 21,28516,Rialto Pictures
711,52,Squaring the Circle (The Story of Hipgnosis),26354,Jun 9,26354,Utopia
712,53,Amanda,25394,Jul 7,25394,Oscilloscope
713,54,Lakota Nation vs. United States,24313,Jul 14,24313,IFC Films
714,55,Scarlet,22667,Jun 9,22667,Kino Lorber
715,56,Two Tickets to Greece,17739,Jul 14,17739,Greenwich Entertainment
716,57,Once Upon a Time in Uganda,16185,Jul 7,16185,Yellow Veil Pictures
717,58,The Childe,15910,Jun 30,15910,Well Go USA Entertainment
718,59,32 Sounds,13460,Apr 28,13460,Abramorama
719,60,Kokomo City,12240,Jul 28,12240,Magnolia Pictures
720,61,Somewhere in Queens,12138,Apr 21,12138,Roadside Attractions
721,62,Bobi Wine: The People's President,11140,Jul 28,11140,National Geographic Documentary Films
722,63,Lynch/Oz,9751,Jun 2,9751,Janus Films
723,64,Final Cut,9009,Jul 14,9009,Kino Lorber
724,65,Moon Garden,8721,May 19,8721,Oscilloscope
725,66,Werckmeister Harmonies,7576,May 26,7576,Janus Films
726,67,Master Gardener,7334,May 19,7334,Magnolia Pictures
727,68,Sympathy for the Devil,7011,Jul 28,7011,-
728,69,The Unknown Country,6960,Jul 28,6960,Music Box Films
729,70,Daliland,6919,Jun 9,6919,Magnolia Pictures
730,71,Return to Dust,6663,Jul 21,6663,Film Movement
731,72,The Night of the 12th,6386,May 19,6386,Film Movement
732,73,The Crusades,5887,Jul 7,5887,VMI Worldwide
733,74,The Beasts,5729,Jul 28,5729,Greenwich Entertainment
734,75,Chile '76,5690,May 5,5690,Kino Lorber
735,76,BlackBerry,4830,May 12,4830,IFC Films
736,77,L'immensità,4812,May 12,4812,Music Box Films
737,78,Millie Lies Low,4037,Jun 30,4037,Film Movement
738,79,Other People's Children,3989,Apr 21,3989,Music Box Films
739,80,Joyland,3173,Apr 7,3173,Oscilloscope
740,81,The Cow Who Sang a Song Into the Future,2472,May 19,2472,Kino Lorber
741,82,MindReader,2177,Oct 24,2177,Five & Two Pictures
742,83,Shift: The Ragbrai Documentary,1616,May 4,1616,-
743,84,Sick of Myself,1369,Apr 14,1369,Utopia
744,85,"Blind Willow, Sleeping Woman",1097,Apr 14,1097,-
745,86,Please Baby Please,944,Oct 28,944,Music Box Films
746,87,Loren & Rose,822,Jun 23,822,Wise Lars
747,88,The Trial,635,Dec 9,635,Rialto Pictures
748,89,Full Time,614,Feb 3,614,Music Box Films
749,90,Kings of L.A.,450,Jun 23,450,Indican Pictures
750,1,Barbie,164830710,Jul 21,164830710,Warner Bros.
751,2,Oppenheimer,85480510,Jul 21,85480510,Universal Pictures
752,3,Teenage Mutant Ninja Turtles: Mutant Mayhem,74165719,Aug 2,74165719,Paramount Pictures
753,4,Meg 2: The Trench,55688230,Aug 4,55688230,Warner Bros.
754,5,Haunted Mansion,27281811,Jul 28,27281811,Walt Disney Studios Motion Pictures
755,6,Sound of Freedom,22062433,Jul 4,22062433,Angel Studios
756,7,Mission: Impossible - Dead Reckoning Part One,19541486,Jul 12,19541486,Paramount Pictures
757,8,Talk to Me,19530006,Jul 28,19530006,A24
758,9,The Last Voyage of the Demeter,7122050,Aug 11,7122050,Universal Pictures
759,10,Indiana Jones and the Dial of Destiny,5137079,Jun 30,5137079,Walt Disney Studios Motion Pictures
760,11,Elemental,4783165,Jun 16,4783165,Walt Disney Studios Motion Pictures
761,12,Insidious: The Red Door,3015709,Jul 7,3015709,Screen Gems
762,13,Spider-Man: Across the Spider-Verse,1714255,Jun 2,1714255,Columbia Pictures
763,14,Theater Camp,1545634,Jul 14,1545634,Searchlight Pictures
764,15,Jules,952655,Aug 11,952655,Bleecker Street Media
765,16,Shortcomings,559654,Aug 4,559654,Sony Pictures Classics
766,17,The First Slam Dunk,438940,Jul 28,438940,GKIDS
767,18,Transformers: Rise of the Beasts,364876,Jun 9,364876,Paramount Pictures
768,19,No Hard Feelings,251299,Jun 23,251299,Sony Pictures Entertainment (SPE)
769,20,The Little Mermaid,247527,May 26,247527,Walt Disney Studios Motion Pictures
770,21,Dreamin' Wild,240377,Aug 4,240377,Roadside Attractions
771,22,Asteroid City,231510,Jun 16,231510,Focus Features
772,23,CatVideoFest 2023,230067,Aug 4,230067,Oscilloscope
773,24,The Miracle Club,216902,Jul 14,216902,Sony Pictures Entertainment (SPE)
774,25,Past Lives,200643,Jun 2,200643,A24
775,26,The Flash,199818,Jun 16,199818,Warner Bros.
776,27,Passages,172610,Aug 4,172610,MUBI
777,28,"Ruby Gillman, Teenage Kraken",119015,Jun 30,119015,DreamWorks
778,29,The Essential Church,116420,Jul 28,116420,Atlas Distribution Company
779,30,Go West,103719,Jul 19,103719,Purdie Distribution
780,31,The Highest of Stakes,100287,Aug 4,100287,Indican Pictures
781,32,Ransomed,97220,Aug 4,97220,Well Go USA Entertainment
782,33,The Super Mario Bros. Movie,95165,Apr 5,95165,Universal Pictures
783,34,Afire,55150,Jul 14,55150,Sideshow Releasing
784,35,Kokomo City,49705,Jul 28,49705,Magnolia Pictures
785,36,Guardians of the Galaxy Vol. 3,39096,May 5,39096,Walt Disney Studios Motion Pictures
786,37,Joy Ride,36174,Jul 7,36174,Lionsgate
787,38,Contempt,33621,Jun 30,33621,Rialto Pictures
788,39,Day by Day,31141,Aug 11,31141,Utopia
789,40,Have You Got It Yet? The Story of Syd Barrett and Pink Floyd,28456,Jul 14,28456,Abramorama
790,41,Lakota Nation vs. United States,25173,Jul 14,25173,IFC Films
791,42,The Unknown Country,19294,Jul 28,19294,Music Box Films
792,43,A Compassionate Spy,18210,Aug 4,18210,Magnolia Pictures
793,44,Bobi Wine: The People's President,17908,Jul 28,17908,National Geographic Documentary Films
794,45,Tokyo Pop,15816,Aug 4,15816,Kino Lorber
795,46,The Beasts,14845,Jul 28,14845,Greenwich Entertainment
796,47,Aporia,14064,Aug 11,14064,Well Go USA Entertainment
797,48,Shiva Baby,13989,Aug 4,13989,Utopia
798,49,Winter Kills,11182,Aug 11,11182,Rialto Pictures
799,50,32 Sounds,9770,Apr 28,9770,Abramorama
800,51,The Wicker Man,7075,Jun 21,7075,Rialto Pictures
801,52,Between Two Worlds,6360,Aug 11,6360,Cohen Media Group
802,53,What Comes Around,5935,Aug 4,5935,IFC Films
803,54,Sympathy for the Devil,4979,Jul 28,4979,-
804,55,The League,3302,Jul 14,3302,Magnolia Pictures
805,56,The Others,3267,Aug 11,3267,Rialto Pictures
806,57,Squaring the Circle (The Story of Hipgnosis),2986,Jun 9,2986,Utopia
807,58,The Last Rider,2853,Jun 23,2853,Roadside Attractions
808,59,"Desperate Souls, Dark City and the Legend of Midnight Cowboy",2121,Jun 23,2121,Zeitgeist Films
809,60,Return to Dust,1869,Jul 21,1869,Film Movement
810,61,Love Life,1782,Aug 11,1782,Oscilloscope
811,62,Terrifier,1435,Jul 19,1435,-
812,63,Close to Vermeer,1416,May 26,1416,Kino Lorber
813,64,"Blind Willow, Sleeping Woman",1416,Apr 14,1416,-
814,65,It Ain't Over,1067,May 12,1067,Sony Pictures Entertainment (SPE)
815,66,The Cow Who Sang a Song Into the Future,1005,May 19,1005,Kino Lorber
816,67,Operation Napoleon,909,Aug 11,909,Magnolia Pictures
817,68,Scarlet,898,Jun 9,898,Kino Lorber
818,69,Two Tickets to Greece,774,Jul 14,774,Greenwich Entertainment
819,70,Blue Jean,612,Jun 9,612,Magnolia Pictures
820,71,Chile '76,401,May 5,401,Kino Lorber
821,72,Final Cut,239,Jul 14,239,Kino Lorber
822,73,Revoir Paris,201,Jun 23,201,Music Box Films
823,74,Somewhere in Queens,155,Apr 21,155,Roadside Attractions
824,75,Other People's Children,66,Apr 21,66,Music Box Films
